time_sec,gt_x,gt_y,est_x,est_y,noisy_x,noisy_y
1765530570.4730766,4.302245273994269,-2.449376942934206,5.8210723822415265,-1.3550824192246622,5.48345461354744,-1.1653124084457613
1765530570.5691397,4.352369060043011,-2.362847914607019,5.596938330087035,-0.9958914542223896,5.575371711561911,-0.999055752917817
1765530570.7045047,4.400752356471918,-2.2753337826179867,5.612803868458582,-0.8356341910664629,5.631074623231825,-0.8933639858472179
1765530570.7964334,4.447375810607452,-2.1868695514531886,5.61477397610093,-0.9009334732809983,5.624126359679055,-0.9072123297635987
1765530570.8945742,4.492220773689663,-2.097490605625458,5.670503033668653,-0.8106935847523681,5.659097812786089,-0.8338892701746259
1765530570.9764311,4.535269308331209,-2.0072326955214845,5.70763150495541,-0.7514779445030678,5.692203783135823,-0.7607478197286204
1765530571.0719469,4.576504195692177,-1.9161319231019522,5.795198398553486,-0.5836144039339621,5.772135885729874,-0.574315067054521
1765530571.1678314,4.615908942367473,-1.824224727461039,5.755066698199101,-0.606025376087371,5.755482472252441,-0.6154075457679501
1765530571.2755456,4.65346778698376,-1.7315478702517189,5.857149318589803,-0.5481324918909323,5.792067410498832,-0.5196770668178714
1765530571.3720224,4.689165706504022,-1.6381384209810688,5.879717685758419,-0.23666949291007294,5.886296599921543,-0.25750392631216135
1765530571.4743655,4.722988422236392,-1.5440337421834198,5.877238948702572,-0.32760380167150427,5.863865913474973,-0.3240657045076082
1765530571.5750582,4.754922405545516,-1.4492714744756467,5.832341806277233,-0.47110180340356145,5.818210558320626,-0.46906529392534757
1765530571.6754265,4.7849548832638975,-1.3538895215012174,5.799086913139865,-0.3268176384275272,5.8534601716489,-0.34876653975291694
1765530571.7747667,4.813073842800834,-1.2579260347697152,5.937484714053517,-0.14618928696422173,5.898521857615822,-0.1827468592984013
1765530571.8722606,4.839268036947465,-1.1614193983962,5.961347009054731,-0.12069463574140885,5.915893155303667,-0.11327929914545791
1765530571.9781697,4.863526988375364,-1.0644082137485513,6.024961269540567,-0.07725936042366006,5.937331235159112,-0.019628779593925033
1765530572.071687,4.88584099382739,-0.9669312840072324,6.002972376819955,0.11615045415000218,5.963936642091701,0.10830590724735564
1765530572.1704626,4.906201127998913,-0.8690275986443263,6.044717443419105,0.22995119948229295,5.979083695664807,0.1892284889242928
1765530572.270271,4.9245992471076985,-0.7707363178287522,6.006829457115215,0.2592749261953161,5.99561044746944,0.28845649079087654
1765530572.3728602,4.941027992151435,-0.672096756762164,6.047140870370065,0.4168582245426829,6.012013132705737,0.40075440380277255
1765530572.4740114,4.955480791851137,-0.573148369953881,6.048906845499744,0.458720959212224,6.019003643739768,0.4563696620098031
1765530572.5740561,4.96795186527962,-0.473930735439403,6.098050296694333,0.5366704041805429,6.025304189078229,0.516132168863205
1765530572.670693,4.978436224173807,-0.37448353894951103,6.0328944758330865,0.49731786743981654,6.032387847557376,0.5992308251037128
1765530572.7753596,4.986929674929916,-0.2748465580369972,6.030326929355018,0.812111471883589,6.042114198890064,0.7485677780183155
1765530572.877546,4.993428820280901,-0.1750596461656096,6.062010815767374,0.8134025581605611,6.046621874345338,0.8485853024621102
1765530572.9811823,4.99793106065527,-0.07516271676969313,6.0273223173303965,0.8729334063416557,6.0487662129647,0.9342094753774453
1765530573.0710242,5.000434595216898,0.02480427271086405,6.0299916684609025,0.9499251916818277,6.049129865502598,1.0063853602546768
1765530573.1757782,5.000938422585348,0.12480133681328714,6.054506897438626,1.1283379464896082,6.0470884511646945,1.142818572164157
1765530573.2855282,4.999442341236387,0.22478847804506952,6.073906819890764,1.1831726971099745,6.045107632388239,1.199452434985123
1765530573.3974879,4.995946949582605,0.32472570288300456,6.034135202165661,1.2274346510438536,6.044888811848964,1.2034297586991316
1765530573.4903471,4.9904536457340605,0.4245730377695647,6.111181149244885,1.364598518754524,6.028607043807787,1.420224157067347
1765530573.580087,4.982964626939056,0.5242905451020043,5.97932807217447,1.434836864395322,6.025101196631708,1.4570316858392032
1765530573.6906018,4.973482888705245,0.6238383392070812,5.971570292234269,1.5265416892620691,6.017124761493534,1.5261092157896028
1765530573.7777877,4.962012223601514,0.7231766022942984,5.933362206590746,1.7229902085224096,5.988212489983028,1.73903282741653
1765530573.8823993,4.948557219740947,0.8222656003830542,5.9736731655810615,1.9739431438567814,5.961714487865353,1.9086590991352774
1765530573.9762573,4.933123258945701,0.9210656991952118,5.948554760600787,2.039098993483685,5.93887149758901,2.037884162817831
1765530574.0725696,4.915716514594321,1.019537380008493,5.980401926874961,2.112255025064226,5.9248117636170825,2.1090835295022434
1765530574.1799345,4.896343949152435,1.1176412554636512,5.93459702513114,2.2061067679109683,5.886278965447128,2.2855682773190997
1765530574.3050172,4.875013311387953,1.215338085318399,5.809561077553068,2.5779861559022907,5.815265061833322,2.5822220351349596
1765530574.3909428,4.851733133271544,1.3125887921435402,5.721082159688349,2.7304119060572343,5.791844102991158,2.672083596351697
1765530574.4871473,4.826512726564071,1.4093544769529343,5.788140138258469,2.7598125756009493,5.755163180154231,2.8021083714220842
1765530574.6151023,4.79936217909197,1.5055964347627808,5.745763535592672,2.815983437434298,5.7543045925514145,2.804934306047674
1765530574.6916404,4.770292350712188,1.6012761700733014,5.736213703489331,2.8165878420363644,5.7431471796074804,2.839179774298388
1765530574.8141801,4.739314868968526,1.6963554122659494,5.679302679470533,2.950541582212657,5.717733219281015,2.9121920132012744
1765530574.88449,4.70644212444061,1.7907961309116887,5.707913972107532,2.976665663699674,5.70743392171406,2.9399782767896547
1765530574.9691284,4.671687265787974,1.8845605509821857,5.673591442021228,2.9991701757832465,5.69408421434364,2.973896745756987
1765530575.0683815,4.635064194490716,1.9776111679595225,5.641670641077912,3.024579336513323,5.665061429462896,3.043517991811517
1765530575.1660588,4.5965875592889995,2.069910762837698,5.613988332718869,3.135225268933167,5.6225925132080175,3.139919311255375
1765530575.2667308,4.556272750323947,2.1614224170092755,5.499690860045056,3.258812222757398,5.54161505765133,3.3141993094485906
1765530575.3727453,4.514135892981561,2.2521095270328546,5.489471357267381,3.3896889921931366,5.510116720369657,3.37858817502704
1765530575.4753997,4.470193841442993,2.3419358192735067,5.444912419540701,3.5247426967085946,5.445700563045924,3.5038569476422974
1765530575.5651329,4.424464171943001,2.4308653644119405,5.523088443590833,3.501467602792246,5.445404476142393,3.5044054818991013
1765530575.6868532,4.376965175739602,2.5188625918159375,5.339450365035323,3.6397862305988653,5.374381770924893,3.6299114804067516
1765530575.7839415,4.3277158517980325,2.6058923037676927,5.326703833307606,3.797907800860545,5.306234969077839,3.7449074918203378
1765530575.8818562,4.27673589919115,2.6919196895429294,5.285706087729342,3.804077048554701,5.25945096572347,3.8203713086547357
1765530575.9768744,4.22404570922031,2.7769103393342918,5.2301865220842085,3.8953926987221887,5.2056791658045425,3.9033536339998975
1765530576.078938,4.169666357259011,2.8608302580149974,5.1121340616028,3.99496299261812,5.0970910574016335,4.063805212811431
1765530576.167909,4.113619594322913,2.943645878736611,4.953021316759784,4.187998769170518,4.961023973995102,4.256444766665443
1765530576.2741845,4.05592783836999,3.0253240763549196,4.91902773870541,4.24290395380813,4.946428980218407,4.276254959179943
1765530576.3664405,3.996614165333328,3.1058321806800198,4.828906274314617,4.31233889561854,4.9391828584310105,4.285689238450547
1765530576.4652734,3.935702299891343,3.1851379895435503,4.992460758494398,4.303509172228005,4.910058576609261,4.3220781257956755
1765530576.5659406,3.8732166059781106,3.263209781679308,4.805027026265872,4.3299227816221935,4.861854985481466,4.379896173091391
1765530576.6642768,3.8091820770379745,3.3400163294114917,4.697943628663638,4.426586786331043,4.845582700747335,4.398638879598139
1765530576.764357,3.743624326028821,3.4155269111449735,4.796755760363094,4.483835828357115,4.748899584998576,4.505601921742547
1765530576.867514,3.676569575176867,3.489711323653962,4.767395068162654,4.640124319971237,4.71923715726414,4.537127269080148
1765530576.9665222,3.6080446454884494,3.5625398941625113,4.703766071106072,4.543864049729831,4.689678272785859,4.5673096686387735
1765530577.0667715,3.5380769460218398,3.6339834922134022,4.6009941018833755,4.615710851410343,4.644980278911446,4.611160800879405
1765530577.166686,3.466694462923835,3.704013541320085,4.609772591108163,4.667851779212789,4.545865189327889,4.7045821876440135
1765530577.2709782,3.3939257482360223,3.772602030396539,4.61435850907893,4.826791665172454,4.449317165348846,4.792004530399798
1765530577.367809,3.3197999084739367,3.8397215249617314,4.231463663652806,4.928492325549584,4.302181768361821,4.919971899302874
1765530577.4700115,3.2443465929852033,3.9053451781127024,4.272005000971956,5.035346049917768,4.231897909573456,4.978672477187931
1765530577.5652978,3.167595982090041,3.9694467412631163,4.296345509657979,4.995239850304567,4.2450540371706325,4.968123955337098
1765530577.6719897,3.0895787750093717,4.03200057464248,4.4289638423278515,5.177411365327577,4.050872133839724,5.117537641845864
1765530577.764383,3.010326177585922,4.092981657551394,4.13953533898785,5.002557365505748,3.9934266144288877,5.15993757625664
1765530577.8646865,2.9298698898018625,4.152365598369851,4.007789895884992,5.199235251408311,3.924964693661966,5.208383929513715
1765530577.9667263,2.8482420930996266,4.2101286443132535,3.8939619654958366,5.223830511393559,3.902636739993451,5.223523159967359
1765530578.0649483,2.7654754375095973,4.26624769093335,3.888337082392879,5.355300499784316,3.8309687203498926,5.270052287809202
1765530578.1670327,2.681603028590353,4.320700291359818,3.7774056402242535,5.262249924144268,3.7922812962070442,5.294083448910661
1765530578.2652674,2.5966584141872975,4.37346466527843,3.624581362356639,5.293877625805763,3.6007252473532168,5.407825933207132
1765530578.3663356,2.5106755710134903,4.4245197076432135,3.4620382616179666,5.537440350968114,3.488706726226588,5.4713453822083125
1765530578.4668543,2.4236888910598386,4.473844997117906,3.5850977807380313,5.3709546691248,3.586661384889941,5.418361087644775
1765530578.56767,2.3357331678385798,4.5214208042443484,3.5610152130137003,5.460073362465815,3.467279485532492,5.479881926889651
1765530578.6684177,2.2468435824661506,4.567228099334093,3.3564930205305217,5.5174265406628225,3.418495038943118,5.503799559293497
1765530578.7696178,2.1570556895916466,4.611248560079794,3.640453604481056,5.476953166204314,3.5777960434380454,5.429612764445483
1765530578.8705318,2.0664054031749357,4.653464578884147,3.4969962243334907,5.596388289221006,3.4417085891261183,5.489707055467417
1765530578.9692626,1.974928982121992,4.693859269902472,3.4008242685787717,5.563932714324961,3.368604819428533,5.520256533370164
1765530579.071011,1.8826630157816344,4.7324164757969225,3.2580212803159654,5.602341225903343,3.1917134447545146,5.590056265349855
1765530579.1709354,1.7896444093100712,4.769120774199286,2.949438873930177,5.544787409517029,2.996986371304802,5.662427524453624
1765530579.2710254,1.6959103689097912,4.803957483879533,2.9614048006045524,5.7426954496472655,2.9540038908033694,5.67743087087188
1765530579.3754253,1.6014983869470512,4.836912670618323,2.848664674736924,5.760798670901356,2.895333731007158,5.696602696656398
1765530579.4722083,1.5064462269558931,4.867973152780335,2.5887283282689237,5.759050992541482,2.6206092713104225,5.780332731064536
1765530579.5709987,1.4107919085330363,4.897126506586814,2.3838885870223705,5.7994964891967,2.3917009318337032,5.8451252326170176
1765530579.66717,1.31457369213034,4.924361071084989,2.4076388844685517,5.818850337018338,2.397684462631565,5.843560142060791
1765530579.7672877,1.2178300637516095,4.949665952812142,2.355645136488143,5.863679090148668,2.3209332885140377,5.862003943058664
1765530579.8671546,1.120599719558161,4.973031030153012,2.106314896027442,6.009904958819534,2.1398213304951024,5.901712718800845
1765530579.968916,1.0229215503913536,4.994446957388177,2.206096869155156,5.8722780428530115,2.154387642024438,5.898823094457373
1765530580.07083,0.9248346262165652,5.013905168432268,2.1633311758253018,5.899001066324896,2.13706715491299,5.901900417506599
1765530580.2040045,0.8263781804955183,5.031397880260338,2.0493080428267554,6.061838086516223,2.1016541360068355,5.907464105011156
1765530580.2938323,0.7275915944939062,5.04691809602086,2.122769857832587,5.770910307170879,2.1599368179282576,5.899498240791225
1765530580.4024825,0.6285143815288522,5.060459607834489,1.961297664224446,5.890705256075914,1.9469577113986263,5.924279548077648
1765530580.5207698,0.5291861711646005,5.072016999277037,1.8785930439931968,5.932110837205696,1.8253267083972637,5.9359718365244465
1765530580.6400409,0.42964669336100925,5.081585647546017,1.5427051553554865,5.9365476879633166,1.580367430108168,5.954583943810546
1765530580.679085,0.32993576258188306,5.089161725309717,1.2959946873136112,5.9374906042028925,1.334876475244096,5.968305120663729
1765530580.7776613,0.230093261870214,5.094742202238032,1.3982662084784068,5.993659480398707,1.4194927186493416,5.965271623902777
1765530580.8713827,0.1301591268949292,5.098324846214605,1.2766016291372217,6.010406759804938,1.2457923063894927,5.968022348730193
1765530580.981236,0.030173329977652444,5.099908224229608,1.1762557185281388,5.869904688285534,1.1362839514193548,5.967566211572929
1765530581.0737064,-0.06982413589590451,5.099491702952948,1.0310800362179737,5.95105120419614,1.0300041825969544,5.964997429645754
1765530581.1802118,-0.1697932730728161,5.097075448987582,1.0473421410345147,5.943302220554531,1.0562886691318336,5.966159047098834
1765530581.2693532,-0.2696940952309735,5.092660428802882,0.9357756859804702,5.977996740225256,0.9423065009912434,5.958835293900764
1765530581.3733802,-0.36948664337364856,5.08624840834805,0.6824950628839475,5.9316249881521745,0.7291335768194469,5.940851046362721
1765530581.4760857,-0.4691310018120628,5.077841952345778,0.6064013943352748,5.994491489582999,0.6264312189800216,5.930114163732999
1765530581.5705788,-0.5685873141313439,5.06744442326639,0.44841708686654375,5.865208036149255,0.432282241316329,5.905882946231347
1765530581.675487,-0.667815799132772,5.055059979982872,0.3695957602888353,5.8309484585048645,0.3636817309554139,5.8959240436288
1765530581.7756145,-0.7667767667452343,5.04069357610743,0.27538897327839257,5.7908832210862835,0.29470453356113485,5.884497547872082
1765530581.8837385,-0.8654306339012883,5.0243509580100465,0.18668635542893913,5.844012137382855,0.19090881603467288,5.865162892918881
1765530581.9885943,-0.9637379403693687,5.006038662520068,-0.016461961407652357,5.838355212657529,-0.017630192141957185,5.821984854359389
1765530582.083385,-1.061659364537565,4.985764014311549,-0.026019055182674968,5.75013060391377,-0.04926963249428337,5.814771153496715
1765530582.1710393,-1.1591557391419511,4.963535122973415,-0.2579371056899842,5.816483163972877,-0.2644527742830163,5.7611612925130915
1765530582.2768414,-1.2561880669324808,4.939360879765855,-0.32114498943356296,5.722617819668195,-0.33803621418282703,5.741257959760583
1765530582.377775,-1.3527175362719228,4.913250954063796,-0.3048438336003353,5.691807514926732,-0.32476815112218516,5.745133155930796
1765530582.4698153,-1.4487055366595147,4.885215789489409,-0.4194915194519867,5.679279594891124,-0.46318384769123255,5.701683634018649
1765530582.5752575,-1.5441136741748567,4.8552665997347475,-0.5241573492911791,5.680439906466055,-0.5017370549021958,5.688729041458308
1765530582.6706316,-1.63890378683517,4.8234153640763555,-0.6503103509547531,5.564462672874434,-0.6841262975813925,5.623355207358368
1765530582.7770512,-1.7330379598591066,4.789674822583862,-0.7966897521806128,5.601906657489899,-0.7590834001852076,5.594784125175089
1765530582.910694,-1.826478540832697,4.754058471023951,-0.783132441864908,5.62133502074035,-0.8065643084171361,5.57558994030103
1765530583.001341,-1.9191881547693415,4.716580555462388,-0.938800785062279,5.546863492886334,-0.9268743992571834,5.5241318987947565
1765530583.1167061,-2.0111297190595128,4.67725606656573,-0.9797903869469593,5.493713275988811,-1.0008163030861645,5.4907413726791185
1765530583.18443,-2.1022664583034962,4.636100733605158,-1.1711675215442254,5.408255174669269,-1.150977009371208,5.419283042790882
1765530583.2735598,-2.192561919020605,4.593131018165186,-1.3829362809595835,5.295850183713261,-1.3361007422180289,5.3266013505626635
1765530583.3774593,-2.2819799842306043,4.548364107559006,-1.4828429994613315,5.253970887258562,-1.4950325188769955,5.243016488105611
1765530583.475699,-2.37048488789957,4.501817907954009,-1.601272584558487,5.204472587468977,-1.6117346426940888,5.17862921102034
1765530583.5681896,-2.458041229246023,4.45351103720946,-1.7551965716535782,5.0922667940635,-1.7366459761045154,5.10641723537264
1765530583.6691937,-2.544613986900951,4.403462817429508,-1.914644285785056,4.9944888519335136,-1.9524936802052197,4.975806542283907
1765530583.7681727,-2.6301685329154574,4.351693267234834,-2.005833986386061,4.925785192978249,-2.0268412647547924,4.928761822693393
1765530583.869998,-2.714670646611969,4.298223093755191,-1.9800714841294074,4.9435672230644965,-2.0306456549410656,4.926246595763502
1765530583.967703,-2.7980865282716274,4.243073684347083,-2.139788153357973,4.897455296803643,-2.1237386748258604,4.861987356012153
1765530584.0746748,-2.880382812653907,4.1862670980389955,-2.073401659073858,4.823288559955763,-2.145879774297623,4.846040981887429
1765530584.1707847,-2.96152658234244,4.127826056707962,-2.105473263166488,4.895256786858138,-2.0551954365856475,4.914148393365138
1765530584.2675645,-3.041485380911139,4.067773935991394,-2.2466834087213834,4.767868781430009,-2.289081439134741,4.731062241089092
1765530584.3662179,-3.1202272259067927,4.006134755936807,-2.349695083982415,4.672904193272035,-2.3135468901597904,4.71110885981482
1765530584.466858,-3.1977206216412237,3.9429331713944222,-2.3939763825637588,4.637207624767336,-2.4218240450589392,4.6191345790614795
1765530584.5671031,-3.2739345717893156,3.8781944621554265,-2.537603334235227,4.575377364452354,-2.476057177985761,4.571167303535133
1765530584.6672306,-3.34883859178729,3.8119445228402506,-2.532511144531481,4.426799244414475,-2.545801060418671,4.506950151359755
1765530584.771749,-3.4224027210257475,3.7442098525413963,-2.5798995527085484,4.506955388147176,-2.591630394141763,4.463026810863518
1765530584.8729672,-3.4945975348339404,3.675017544223768,-2.646075247114754,4.429109808158221,-2.6669347108875305,4.387907946313668
1765530584.9719543,-3.5653941562488765,3.6043952738881893,-2.647507826344239,4.326147888357051,-2.7238744812145335,4.32878984701744
1765530585.0717561,-3.6347642675658833,3.5323712895012287,-2.8871454624866724,4.159483053880745,-2.8844637487843574,4.155240490509209
1765530585.169218,-3.7026801216654555,3.458974399696231,-2.9905774502561693,4.004854406734007,-2.987206267125907,4.039652525082555
1765530585.2700326,-3.769114553111389,3.3842339622506117,-2.9942412084418657,3.91967448061524,-3.0055007596612,4.018222564224675
1765530585.3691382,-3.834040989016981,3.308179872342715,-2.9738221122024475,3.994592793849502,-3.0194618876766195,4.001190316733539
1765530585.468755,-3.897433459673495,3.2308425505945166,-3.1421598816833933,3.8949641654169054,-3.1311118349956737,3.8592837989076476
1765530585.5757108,-3.9592666089378477,3.1522529309036225,-3.156231827677782,3.7005261365590694,-3.206264219224351,3.759731298942499
1765530585.6746347,-4.019515704374851,3.072442448069949,-3.1862193557986487,3.816427813413993,-3.176647988136086,3.800639536626861
1765530585.7753959,-4.078156647149556,2.9914430252226167,-3.167634304843984,3.8587065407984107,-3.1556355575011876,3.8309204811954016
1765530585.8743806,-4.1351659816668045,2.9092870610506725,-3.1651904544930405,3.7166573790802655,-3.2245923641320093,3.7271772551026476
1765530585.975488,-4.190520904952862,2.826007416844444,-3.241004502475231,3.72698083051614,-3.2305293729816498,3.717845647062614
1765530586.070305,-4.244199275776431,2.7416374033512936,-3.4729723720498695,3.4215706394195684,-3.3753003793162866,3.4799230361641125
1765530586.1684344,-4.296179623504963,2.6562107674515794,-3.360262005107054,3.6706985923142312,-3.3282972063929197,3.560767793811121
1765530586.2730918,-4.346441156692352,2.569761678660777,-3.5096368278408994,3.3476750975157397,-3.4498123227034365,3.341799528849027
1765530586.373624,-4.394963771395541,2.4823247154616404,-3.5702326995408993,3.175736981424473,-3.538701088485473,3.173789573308452
1765530586.472476,-4.441728059215572,2.3939348514736993,-3.5283098441215066,3.012189801845401,-3.6016574042354774,3.0488105009524302
1765530586.5702758,-4.4867153150608,2.304627441464098,-3.6499794451809584,2.989862493015319,-3.632045750220658,2.9853569195516014
1765530586.6673563,-4.529907544628774,2.214438207205963,-3.7853082553688675,2.7907778207440765,-3.711310399113931,2.8109763303980855
1765530586.7815554,-4.571287471603493,2.1234032231906186,-3.7123918423575444,2.868268067328036,-3.72082713286161,2.7888768553736
1765530586.869419,-4.610838544565952,2.0315589021977583,-3.7274299715424277,2.807032624856376,-3.7336782622940503,2.7573110714366447
1765530586.9749498,-4.648544943614276,1.9389419807312689,-3.7193227831269304,2.8334470114450068,-3.684750085829595,2.8847307137488976
1765530587.072366,-4.684391586691566,1.845589504324928,-3.7973274834810007,2.596571363419678,-3.793488684372736,2.583695297813126
1765530587.1704347,-4.718364135618592,1.7515388127244822,-3.8114494645672967,2.3861048380734036,-3.8485952623457673,2.4210262397486746
1765530587.2728326,-4.750449001828694,1.656827524952713,-3.889306051929018,2.3122190547917683,-3.884146309681394,2.3087421066095857
1765530587.398622,-4.780633351803229,1.561493524261794,-3.8884129305508646,2.2385373984581074,-3.910079282660601,2.220758410467484
1765530587.4897735,-4.808905112204634,1.4655749429809657,-3.914365832774167,2.1788662710094733,-3.9174509285621966,2.193769340064995
1765530587.589248,-4.835252974705683,1.3691101472639118,-3.989566015877481,1.9199455668227485,-3.9808625478418156,1.9418924188830575
1765530587.6899772,-4.8596664005127135,1.2721377217426022,-3.9941516728002466,1.6234211015607498,-4.040774253252328,1.6820760360629603
1765530587.7805166,-4.882135624580875,1.1746964540944345,-4.051520069666783,1.620399847508878,-4.044199559414945,1.6657357148767336
1765530587.8714418,-4.902651659520159,1.07682531952713,-4.113248254943387,1.5714179996214268,-4.049384729146135,1.6382760389194433
1765530587.9688718,-4.921206299190115,0.9785634651896539,-4.155904759130152,1.5485653052515058,-4.070749287975796,1.5112501416127102
1765530588.0654786,-4.937792121982257,0.8799501945136706,-4.076578996020663,1.4593195805461494,-4.08436900039216,1.4190325458853128
1765530588.167977,-4.952402493788634,0.7810249514924844,-4.15867874055026,1.2399620973028682,-4.10568167963453,1.2516277826038145
1765530588.272723,-4.965031570655303,0.6818273049044585,-4.119805424945128,1.3300018808838456,-4.107816766453105,1.2316806009831174
1765530588.3658912,-4.975674301119922,0.5823969324854699,-4.118748267962374,1.1755887767745539,-4.1150453904700015,1.1484479383171204
1765530588.465013,-4.984326428232197,0.4827736050588357,-4.041611904621534,1.1942454245817835,-4.1153388575226275,1.1440500982806583
1765530588.5650084,-4.990984491256637,0.3829971706273043,-4.00355925542392,1.1739662812855474,-4.1148082576862,1.1554205347337367
1765530588.6652994,-4.995645827056817,0.28310753843417197,-4.0849718304810985,1.16584201878172,-4.115433086401596,1.1319636524307566
1765530588.7654152,-4.9983085711605595,0.18314466300061372,-4.113299583274866,1.0405340703538295,-4.116096640608257,1.0318971130567898
1765530588.8653018,-4.998971658505731,0.08314852814384044,-4.10684911997446,0.9569653480889243,-4.1155462226446735,0.9907282513755258
1765530588.9643664,-4.99763482386623,-0.016840869015398108,-4.2304105108565,0.8625233594065145,-4.109824895029565,0.8193353569152196
1765530589.0646288,-4.994298601958092,-0.11678353405134141,-4.138317530117925,0.6418123082922635,-4.1016223307166575,0.6657859145139693
1765530589.1647682,-4.988964327225593,-0.21663949123066806,-4.2455939881464815,0.7289369596943231,-4.1040944855946515,0.699420262892286
1765530589.265637,-4.9816341333075105,-0.31636879950175967,-4.186694456709536,0.5416544763613192,-4.091286782348338,0.5626460886696996
1765530589.3671353,-4.972310952183667,-0.41593156847115564,-4.176313958240331,0.3811231546678054,-4.0651217442380965,0.33284028774171
1765530589.466365,-4.9609985130022105,-0.5152879743586835,-4.034074654186,0.34822850438121494,-4.067867567229371,0.35330624367881075
1765530589.5665724,-4.947701340587991,-0.6143982759266517,-4.193717352421709,0.38481642992599574,-4.063103103565314,0.3224848304817696
1765530589.6657462,-4.932424753632664,-0.7132228303760274,-3.9775174673563867,0.30017216618068565,-4.059328672934027,0.30093230625106104
1765530589.768032,-4.915174862567347,-0.8117221092025334,-4.134582731548487,0.2602073096623175,-4.030200343438181,0.1521784992895674
1765530589.8689334,-4.895958567118446,-0.9098567140080854,-3.9830969589258447,0.09314057624472952,-4.021099708788363,0.1101756361565561
1765530589.9670322,-4.874783553547938,-1.007587392259135,-4.04362980100738,-0.07878920906003661,-3.972256002977354,-0.09530916596251165
1765530590.066559,-4.85165829157894,-1.1048750529873705,-3.83308041530502,-0.14710070802267483,-3.9501936499923693,-0.18051382454268342
1765530590.16835,-4.826592031007873,-1.2016807824257911,-3.913935561735554,-0.2882121164208158,-3.9152932800035694,-0.3049852774675513
1765530590.2675142,-4.799594798004789,-1.2979658595732095,-3.8425981498524364,-0.5740218072050239,-3.8271481916033765,-0.5967738535907368
1765530590.3659031,-4.770677391102893,-1.3936917716826873,-3.753999424283383,-0.6730102077492819,-3.8098511512547804,-0.6501521711410152
1765530590.4668741,-4.739851376879403,-1.4888202296656408,-3.778177666014329,-0.7971608122307382,-3.748198051484466,-0.8281893203928987
1765530590.5676622,-4.707129085329025,-1.5833131834071719,-3.72883351003512,-0.8973451810762026,-3.7126556302945235,-0.9245491340736524
1765530590.6659975,-4.67252360493204,-1.677132836985808,-3.7002012168104534,-1.0546016696954503,-3.6820526113057346,-1.0026690701786694
1765530590.7691731,-4.636048777419259,-1.7702416637908962,-3.67855932401295,-1.041433627155445,-3.647784236625862,-1.0852437455069617
1765530590.8654406,-4.597719192235307,-1.862602421533281,-3.5469285124175576,-1.2470861481277558,-3.5666876829989698,-1.2701245051116576
1765530590.9722435,-4.557550180703231,-1.9541781671412595,-3.5790538741177005,-1.184198359682276,-3.5866732349838553,-1.2269316384976092
1765530591.073907,-4.515557809892093,-2.0449322715375184,-3.571863616519099,-1.228167090219778,-3.5936577792109903,-1.2125960446479462
1765530591.1796663,-4.471758876190268,-2.134828434290466,-3.585010206618576,-1.1702423417111798,-3.6307202255555415,-1.1402383354081373
1765530591.2726665,-4.42617089858732,-2.2238306981334732,-3.582004888049973,-1.3559256319441801,-3.5372121180508427,-1.3141346307598147
1765530591.3842297,-4.378812111666395,-2.31190346334781,-3.5307699936169183,-1.3580863313886633,-3.5334397264533925,-1.320825758053703
1765530591.4785674,-4.329701458310851,-2.3990115020016156,-3.5437871246752515,-1.3065810184726931,-3.5189176262667776,-1.3454206653974534
1765530591.61361,-4.278858582127266,-2.485119972040792,-3.3668537712383393,-1.5791153611299973,-3.392086822144156,-1.5507314982771065
1765530591.6910396,-4.2263038195881455,-2.5701944312255436,-3.415718087788842,-1.6121788069169973,-3.3521650277449,-1.61255559650423
1765530591.83143,-4.172058191897859,-2.654200850906387,-3.161426195601149,-1.9329431623495164,-3.1213854924813296,-1.9547320490678015
1765530591.92749,-4.116143396584142,-2.7371056296356397,-3.0047478220942296,-2.1231984929483776,-3.0486713903306826,-2.0580271397059455
1765530591.97713,-4.058581798819635,-2.818875606607132,-3.0099729818288057,-2.0987337005921414,-3.0135429196397925,-2.1058673600555187
1765530592.0794845,-3.999396422476009,-2.8994780749202707,-2.9988946028039347,-2.176495312483776,-2.9660455883232166,-2.167912065306797
1765530592.170907,-3.93861094091459,-2.9788807946625293,-2.8215756510994807,-2.4468330705855643,-2.745576758275174,-2.4442745339533625
1765530592.2702248,-3.8762496675176266,-3.057052005804588,-2.645438687087148,-2.5489218142070804,-2.6770088706193436,-2.526785469428933
1765530592.3723466,-3.812337545962916,-3.1339604409043695,-2.6062054531623677,-2.6402444697363867,-2.653567628476565,-2.5538725320036235
1765530592.4691815,-3.746900140246975,-3.20957533761321,-2.555070464025464,-2.79402984711733,-2.5698391186016925,-2.6468006467408287
1765530592.5706794,-3.67996362445965,-3.2838664509805584,-2.5388854392499596,-2.753316018675955,-2.5239274691952627,-2.695751712045006
1765530592.6659155,-3.611554772314686,-3.356804065551709,-2.4397527763761726,-2.702152864879239,-2.4784994559617606,-2.74228601131751
1765530592.7684011,-3.541700946440932,-3.4283590072532184,-2.3175261323221643,-2.9118793827726708,-2.3493364114966013,-2.8694062288594444
1765530592.8686068,-3.4704300874372667,-3.49850265506256,-2.2583377672077223,-2.944222882365176,-2.2177933756589474,-2.9937889481257134
1765530592.9696863,-3.3977707026970747,-3.5672069524557948,-2.1183525201909923,-3.09635004288408,-2.1455862211877075,-3.059380702897754
1765530593.0677881,-3.323751855005527,-3.6344444186299643,-1.994692490618594,-3.2512253140984253,-1.9996261660359365,-3.186734718581982
1765530593.1681619,-3.2484031509146893,-3.700188159495181,-1.8867476526670186,-3.30359772581071,-1.8741170301342764,-3.2918988335944097
1765530593.269392,-3.171754728901671,-3.764411878431577,-1.7902869030756614,-3.4408990818194725,-1.7991026591360892,-3.352241535616113
1765530593.3700273,-3.093837247313201,-3.827089886807975,-1.7261567291686217,-3.4528733058170085,-1.7024527969299905,-3.426854347406038
1765530593.47159,-3.0146818721030835,-3.888197114256673,-1.620598017099483,-3.484275289564219,-1.5817997254682716,-3.5162043035268487
1765530593.571698,-2.9343202643660695,-3.9477091187014017,-1.5156086050109248,-3.5591315036762103,-1.5542714398876347,-3.535750275175179
1765530593.6716402,-2.852784567673666,-4.00560209613395,-1.5219208741456003,-3.5164259128397504,-1.513978281090361,-3.563164398177101
1765530593.7755973,-2.770107395217537,-4.06185289013516,-1.4548053486835646,-3.6075578210877124,-1.3957958530404457,-3.640159977310721
1765530593.8744383,-2.6863218167642,-4.116439001137511,-1.2549292652716155,-3.741811324894174,-1.2603904276030475,-3.724567852462593
1765530593.9768076,-2.6014613454279685,-4.169338595424368,-1.1696379001326471,-3.749298332616873,-1.1179211197100019,-3.8094707224157944
1765530594.0753362,-2.515559924265981,-4.220530513863297,-1.105820047523809,-3.8541972452068376,-1.108731259896341,-3.8147011387130245
1765530594.1720366,-2.4286519127012434,-4.269994280369546,-1.0733105155435851,-3.759607521489735,-1.0978935494394382,-3.82058565497122
1765530594.2733793,-2.3407720727797465,-4.31771011009595,-1.1079963874839605,-3.915754190692364,-1.1055823806358371,-3.8166078743453116
1765530594.3721383,-2.2519555552656185,-4.363658917346889,-0.8972296539128763,-3.937256880139306,-0.925404077995187,-3.9053004087775425
1765530594.471352,-2.1622378855817233,-4.40782232321207,-0.6730217007566333,-4.000101894535191,-0.7264897972052085,-3.9983209806465645
1765530594.569457,-2.071654949599779,-4.450182662917956,-0.6150183416606652,-4.038053274284579,-0.6407754768062782,-4.036334457663714
1765530594.674531,-1.9802429792862932,-4.490722992893522,-0.6501141451275169,-4.000390488835894,-0.6549540403849103,-4.030382807155502
1765530594.7672923,-1.8880385382107114,-4.5294270975472495,-0.7762427629879279,-4.029610755148214,-0.7160241348404325,-4.006172623401135
1765530594.8774114,-1.795078506919957,-4.56627949575338,-0.5226556888386283,-4.040813742264808,-0.5260578365595308,-4.0771190626075455
1765530594.968837,-1.7014000681871608,-4.6012654470439625,-0.46457677025772043,-4.092988381595051,-0.4940037844362772,-4.08836506488441
1765530595.068295,-1.6070406921388536,-4.634370957504931,-0.4517898681055443,-4.038886242639078,-0.5237627185563801,-4.07858816389333
1765530595.1716273,-1.512038121267213,-4.665582785373548,-0.4341732472785674,-4.058796574784584,-0.4225565034126939,-4.10960985966481
1765530595.2685971,-1.4164303553340383,-4.694888446334775,-0.1961566714869256,-4.08067347827196,-0.25937373394189855,-4.15607958219574
1765530595.3678737,-1.3202556361708138,-4.722276218515005,-0.20295762431027678,-4.20181669848965,-0.2175659254257039,-4.167086270418727
1765530595.4665577,-1.2235524323829599,-4.747735147170512,-0.12402728666972294,-4.213531371546208,-0.1596274007738579,-4.181106912830344
1765530595.5655563,-1.1263594239627026,-4.7712550490692625,0.12791664097256134,-4.2391974358521,0.12721548999819338,-4.24447615290117
1765530595.7088819,-1.0287154868173818,-4.792826516564127,0.38881562164099376,-4.344178118016326,0.4022404045877375,-4.299490231359953
1765530595.7934735,-0.9306596772200932,-4.812440921355692,0.5585913516251483,-4.345572720088624,0.5872272724108025,-4.332660770228344
1765530595.8774683,-0.8322312161871427,-4.830090417943591,0.7566748695696383,-4.2631455669748695,0.7075989842773839,-4.351768685259187
1765530595.9730015,-0.7334694737906512,-4.845767946764497,0.7995335769448519,-4.348272524906153,0.7729887956338392,-4.360812037934758
1765530596.0728583,-0.634413953410842,-4.859467237015904,0.8402304966812721,-4.37521955059842,0.86781921370678,-4.371999191423143
1765530596.171866,-0.5351042759350036,-4.871182809164386,1.0669319318696948,-4.365519637476792,1.0763049857197051,-4.3923759230821044
1765530596.2684956,-0.4355801639101563,-4.880909977137273,1.0801241348048696,-4.409272459210075,1.142939628703305,-4.397545602396797
1765530596.3768718,-0.335881425653998,-4.888644850197082,1.164367529030853,-4.4209385175542435,1.2198107537676948,-4.401964967398822
1765530596.474605,-0.23604793933260315,-4.894384334497712,1.450323254720663,-4.367504259165505,1.3757199244905292,-4.407802962181561
1765530596.5708883,-0.136119637009476,-4.898126134321966,1.4422689593500326,-4.427649031767619,1.4864778543971702,-4.409733375862128
1765530596.6697042,-0.03613648867304413,-4.8998687529998115,1.5921341137409104,-4.415226463000441,1.6399186988553165,-4.409338626838507
1765530596.7703722,0.06386151375030662,-4.899611493507008,1.7242226154082598,-4.418357414115514,1.7347508823150437,-4.407197650401164
1765530596.8660762,0.16383437239303789,-4.897354458743922,1.8910009349733699,-4.420252969952137,1.9005977190867522,-4.400132843946618
1765530596.969035,0.26374209944457516,-4.893098551494365,1.8610390734946656,-4.395394863182203,1.8846486181002613,-4.401132125826328
1765530597.0677834,0.36354473314611224,-4.886845474064498,1.9994695075306457,-4.27833862402717,1.9980640712503908,-4.391745769854563
1765530597.1730072,0.46320235377499436,-4.87859772760191,1.9375589846633894,-4.451879103539856,1.9622746081985145,-4.395429718445886
1765530597.2721062,0.5626750996115788,-4.86835861109523,2.118570966324836,-4.383670882131027,2.163431041430781,-4.370649217584208
1765530597.3688889,0.661923182883958,-4.856132220054525,2.2461828833235757,-4.328213327992114,2.2781233728252874,-4.35418552531502
1765530597.4730582,0.7609069056820421,-4.841923444873204,2.498723172261824,-4.294431613537243,2.4690218386676808,-4.322874320062473
1765530597.5724533,0.8595866758364075,-4.825737968871901,2.598582991329699,-4.363598119300019,2.5424723865879755,-4.309313247643595
1765530597.678493,0.957923022754845,-4.807582266025192,2.4921525661194406,-4.390193921843131,2.5584544572421177,-4.306030693462527
1765530597.7674367,1.0558766132095816,-4.7874635983721685,2.658813236854599,-4.3694732687085205,2.6260224606523113,-4.29073854957778
1765530597.874438,1.153408267070605,-4.765390013111618,2.6349503252834228,-4.279723554099193,2.622505355664402,-4.291608840089104
1765530597.9705067,1.2504789729767056,-4.741370339383345,2.8160625188033483,-4.247232783478362,2.744307915444693,-4.2588709753248395
1765530598.0753655,1.3470499039397117,-4.715414184736606,2.8474005071496955,-4.174629743882923,2.8327557625838384,-4.233190871735611
1765530598.1810236,1.4430824328749698,-4.687531931287143,2.7263337853611356,-4.248319187324058,2.7000724184658975,-4.274608948141371
1765530598.26635,1.5385381480511864,-4.6577347315646165,2.734317351890901,-4.094871045667255,2.715177573371242,-4.269560095232205
1765530598.3675907,1.633378868455153,-4.626034504051585,2.9054664108001695,-4.198773173263886,2.817012040465926,-4.233242454196882
1765530598.4726515,1.727566659063165,-4.592443928416408,3.139538088389714,-4.046058706937118,3.1202564252025637,-4.118208869553558
1765530598.567759,1.8210638460147341,-4.556976440441497,3.3251617603758215,-4.069158840697204,3.2893796062991956,-4.050153895671996
1765530598.674869,1.913833031681825,-4.519646226649099,3.3084989099059334,-4.001527592954103,3.289624022380772,-4.050049816207057
1765530598.7744844,2.005837109626945,-4.480468218627055,3.3730911708245075,-4.020069141931425,3.349316018768984,-4.023208605844694
1765530598.8672416,2.0970392794457515,-4.43945808705615,3.614670961155666,-3.891300013307089,3.6166035443431856,-3.896533784915261
1765530598.971441,2.187403061486264,-4.3966322354422465,3.7314968700945155,-3.887593990053478,3.69969899143099,-3.8550976576534737
1765530599.071389,2.276892311440437,-4.352007793555018,3.768629644740179,-3.8535137812961784,3.753299520856572,-3.8270171359969187
1765530599.174736,2.36547123480159,-4.305602610576171,3.783963114203845,-3.833594325077998,3.8052440895556106,-3.7984659266795013
1765530599.2713401,2.45310440118129,-4.257435247960237,3.87192174239521,-3.7056855974522187,3.9187589465214905,-3.7330833103013745
1765530599.3691058,2.539756758481536,-4.207524972009969,3.9367865006052454,-3.697473190403074,3.9203725106148513,-3.7321104407732593
1765530599.48824,2.625393646914694,-4.155891746170321,3.9790095651736768,-3.7352150549124272,3.9315977008570124,-3.725032518407314
1765530599.5954392,2.7099808128671414,-4.102556223043232,3.986240030380847,-3.691262236348779,3.9636113330341693,-3.703940285611041
1765530599.667365,2.793484422600431,-4.047539736126748,3.9802960699765775,-3.63325590512217,3.9965832314510528,-3.6812582498936135
1765530599.7657545,2.8758710757839183,-3.9908642912821684,4.1209948073361256,-3.7025665338943146,4.104275252407534,-3.6039569183458924
1765530599.8690183,2.9571078188549196,-3.9325525579316896,4.001193647960744,-3.6199955836175954,4.065393213508649,-3.633062079357873
1765530599.9677157,3.0371621581992905,-3.8726278599912103,4.255866889703506,-3.542854036391048,4.254989263628847,-3.4851325272526092
1765530600.0703228,3.116002073148615,-3.8111141665409676,4.325126855579729,-3.418096490237125,4.305951514344348,-3.443704027823759
1765530600.1722028,3.1935960287882095,-3.748036082238082,4.216388717755414,-3.447044290390419,4.236237229502512,-3.502730815839798
1765530600.2727814,3.2699129885702805,-3.683418837475334,4.39082807401438,-3.4143191617285957,4.334819211502685,-3.415817998527227
